{
    "DM": {
      "name": "Доминика",
      "cases": {
        "ro": "Доминики",
        "da": "Доминике",
        "vi": "в Доминику",
        "tv": "Доминикой",
        "pr": "о Доминике"
      }
    },
    "CW": {
      "name": "Кюрасао",
      "cases": {
        "ro": "Кюрасао",
        "da": "Кюрасао",
        "vi": "в Кюрасао",
        "tv": "Кюросао",
        "pr": "о Кюрасао"
      }
    },
    "GL": {
      "name": "Гренландия",
      "cases": {
        "ro": "Гренландии",
        "da": "Гренландии",
        "vi": "в Гренландию",
        "tv": "Гренландией",
        "pr": "о Гренландии"
      }
    },
    "GG": {
      "name": "Гернси",
      "cases": {
        "ro": "Гернси",
        "da": "Гернси",
        "vi": "в Гернси",
        "tv": "Гернси",
        "pr": "о Гернси"
      }
    },
    "NC": {
      "name": "Новая Каледония",
      "cases": {
        "ro": "Новой Каледонии",
        "da": "Новой Каледонии",
        "vi": "в Новую Каледонию",
        "tv": "Новой Каледонией",
        "pr": "о Новой Каледонии"
      }
    },
    "MT": {
      "name": "Мальта",
      "cases": {
        "ro": "Мальты",
        "da": "Мальте",
        "vi": "в Мальту",
        "tv": "Мальтой",
        "pr": "о Мальте"
      }
    },
    "BN": {
      "name": "Бруней",
      "cases": {
        "ro": "Брунея",
        "da": "Брунею",
        "vi": "в Бруней",
        "tv": "Брунеем",
        "pr": "о Брунее"
      }
    },
    "PM": {
      "name": "Сент-Пьер и Микелон",
      "cases": {
        "ro": "Сент-Пьер и Микелона",
        "da": "Сент-Пьер и Микелону",
        "vi": "в Сент-Пьер и Микелону",
        "tv": "Сент-Пьер и Микелоном",
        "pr": "о Сент-Пьер и Микелоне"
      }
    },
    "BT": {
      "name": "Бутан",
      "cases": {
        "ro": "Бутана",
        "da": "Бутану",
        "vi": "в Бутан",
        "tv": "Бутаном",
        "pr": "о Бутане"
      }
    },
    "TK": {
      "name": "Токелау",
      "cases": {
        "ro": "Токелау",
        "da": "Токелау",
        "vi": "в Токелау",
        "tv": "Токелау",
        "pr": "о Токелау"
      }
    },
    "BZ": {
      "name": "Белиз",
      "cases": {
        "ro": "Белиза",
        "da": "Белизу",
        "vi": "в Белиз",
        "tv": "Белизом",
        "pr": "о Белизе"
      }
    },
    "CA": {
      "name": "Канада",
      "cases": {
        "ro": "Канады",
        "da": "Канаде",
        "vi": "в Канаду",
        "tv": "Канадой",
        "pr": "о Канаде"
      }
    },
    "AX": {
      "name": "Аландские острова",
      "cases": {
        "ro": "Аландских островов",
        "da": "Аландским островам",
        "vi": "на Аландские острова",
        "tv": "Аландскими островами",
        "pr": "об Аландских островах"
      }
    },
    "BV": {
      "name": "Остров Буве",
      "cases": {
        "ro": "Острова Буве",
        "da": "Острову Буве",
        "vi": "на Остров Буве",
        "tv": "Островом Буве",
        "pr": "об Острове Буве"
      }
    },
    "CC": {
      "name": "Кокосовые (Килинг) острова",
      "cases": {
        "ro": "Кокосовых островов",
        "da": "Кокосовым островам",
        "vi": "на Кокосовые острова",
        "tv": "Кокосовыми островами",
        "pr": "о Кокосовых островах"
      }
    },
    "CK": {
      "name": "Острова Кука",
      "cases": {
        "ro": "Островов Кука",
        "da": "Островам Кука",
        "vi": "на Острова Кука",
        "tv": "Островами Кука",
        "pr": "об Островах Кука"
      }
    },
    "FO": {
      "name": "Фарерские острова",
      "cases": {
        "ro": "Фарерских островов",
        "da": "Фарерским островам",
        "vi": "на Фарерские острова",
        "tv": "Фарерскими островами",
        "pr": "о Фаверских островах"
      }
    },
    "AD": {
      "name": "Андорра",
      "cases": {
        "ro": "Андорры",
        "da": "Андорры",
        "vi": "в Андорру",
        "tv": "Андоррой",
        "pr": "об Андорре"
      }
    },
    "AE": {
      "name": "Объединённые Абарские Эмираты",
      "cases": {
        "ro": "Объединённых Арабских Эмиратов",
        "da": "Объединённым Арабским Эмиратам",
        "vi": "в Объединённые Арабские Эмираты",
        "tv": "Объединёнными Арабскими Эмиратами",
        "pr": "об Объединённых Арабских Эмиратах"
      }
    },
    "AQ": {
      "name": "Антарктида",
      "cases": {
        "ro": "Антаркдиты",
        "da": "Антарктиде",
        "vi": "в Антарктиду",
        "tv": "Антарктидой",
        "pr": "об Антарктиде"
      }
    },
    "AU": {
      "name": "Австралия",
      "cases": {
        "ro": "Австралии",
        "da": "Австралии",
        "vi": "в Австралию",
        "tv": "Австралией",
        "pr": "об Австралии"
      }
    },
    "BS": {
      "name": "Багамы",
      "cases": {
        "ro": "Багам",
        "da": "Багамам",
        "vi": "на Багамы",
        "tv": "Багамами",
        "pr": "о Багамах"
      }
    },
    "CY": {
      "name": "Кипр",
      "cases": {
        "ro": "Кипра",
        "da": "Кипру",
        "vi": "на Кипр",
        "tv": "Кипром",
        "pr": "о Кипре"
      }
    },
    "AG": {
      "name": "Антигуа и Барбуда",
      "cases": {
        "ro": "Антигуа и Барбуды",
        "da": "Антигуа и Барбуде",
        "vi": "на Антигуа и Барбуда",
        "tv": "Антигуа и Барбудами",
        "pr": "об Антигуа и Барбудах"
      }
    },
    "AI": {
      "name": "Ангилья",
      "cases": {
        "ro": "Ангильи",
        "da": "Ангилье",
        "vi": "в Ангилью",
        "tv": "Ангильей",
        "pr": "об Ангилье"
      }
    },
    "AS": {
      "name": "Американское Самоа",
      "cases": {
        "ro": "Американского Самоа",
        "da": "Американскому Самоа",
        "vi": "на Американское Самоа",
        "tv": "Американским Самоа",
        "pr": "об Американском Самоа"
      }
    },
    "AW": {
      "name": "Аруба",
      "cases": {
        "ro": "Арубы",
        "da": "Арубе",
        "vi": "на Арубу",
        "tv": "Арубой",
        "pr": "об Арубе"
      }
    },
    "BH": {
      "name": "Бахрейн",
      "cases": {
        "ro": "Бахрейна",
        "da": "Бахрейну",
        "vi": "в Бахрейн",
        "tv": "Бахрейном",
        "pr": "о Бахрейне"
      }
    },
    "BL": {
      "name": "Сен-Бартельми",
      "cases": {
        "ro": "Сен-Бартельми",
        "da": "Сен-Бартельми",
        "vi": "на Сен-Бартельми",
        "tv": "Сен-Бартельми",
        "pr": "о Сен-Бартельми"
      }
    },
    "BM": {
      "name": "Бермуды",
      "cases": {
        "ro": "Бермуд",
        "da": "Бермудам",
        "vi": "на Бермуды",
        "tv": "Бермудами",
        "pr": "о Бермудах"
      }
    },
    "BQ": {
      "name": "Бонайре, Саба и Синт-Эстатиус",
      "cases": {
        "ro": "Бонайре, Саба и Синт-Эстатиус",
        "da": "Бонайре, Саба и Синт-Эстатиус",
        "vi": "на Бонайре, Саба и Синт-Эстатиус",
        "tv": "Бонайре, Саба и Синт-Эстатиус",
        "pr": "о Бонайре, Саба и Синт-Эстатиус"
      }
    },
    "BB": {
      "name": "Барбадос",
      "cases": {
        "ro": "Барбадоса",
        "da": "Барбадосу",
        "vi": "на Барбадос",
        "tv": "Барбадосом",
        "pr": "о Барбадосе"
      }
    },
    "EC": {
      "name": "Эквадор",
      "cases": {
        "ro": "Эквадора",
        "da": "Эквадору",
        "vi": "в Эквадор",
        "tv": "Эквадором",
        "pr": "об Эквадоре"
      }
    },
    "IO": {
      "name": "Британская территория в Индийском океане",
      "cases": {
        "ro": "Британской территории в Индийском океане",
        "da": "Британской территории в Индийском океане",
        "vi": "на Британскую территорию в Индийском океане",
        "tv": "Британской территорией в Индийском океане",
        "pr": "о Британской территории в Индийском океане"
      }
    },
    "DJ": {
      "name": "Джибути",
      "cases": {
        "ro": "Джибути",
        "da": "Джибути",
        "vi": "в Джибути",
        "tv": "Джибути",
        "pr": "о Джибути"
      }
    },
    "JE": {
      "name": "Джерси",
      "cases": {
        "ro": "Джерси",
        "da": "Джерси",
        "vi": "на Джерси",
        "tv": "Джерси",
        "pr": "о Джерси"
      }
    },
    "EE": {
      "name": "Эстония",
      "cases": {
        "ro": "Эстонии",
        "da": "Эстонии",
        "vi": "в Эстонию",
        "tv": "Эстонией",
        "pr": "об Эстонии"
      }
    },
    "DK": {
      "name": "Дания",
      "cases": {
        "ro": "Дании",
        "da": "Дании",
        "vi": "в Данию",
        "tv": "Данией",
        "pr": "о Дании"
      }
    },
    "KN": {
      "name": "Сент-Китс и Невис",
      "cases": {
        "ro": "Сент-Китс и Невис",
        "da": "Сент-Китс и Невис",
        "vi": "на Сент-Китс и Невис",
        "tv": "Сент-Китс и Невис",
        "pr": "о Сент-Китс и Невис"
      }
    },
    "FI": {
      "name": "Финляндия",
      "cases": {
        "ro": "Финляндии",
        "da": "Финляндии",
        "vi": "в Финляндию",
        "tv": "Финляндией",
        "pr": "о Финляндии"
      }
    },
    "CR": {
      "name": "Коста Рика",
      "cases": {
        "ro": "Коста Рики",
        "da": "Коста Рике",
        "vi": "на Коста Рику",
        "tv": "Коста Рикой",
        "pr": "о Коста Рике"
      }
    },
    "EG": {
      "name": "Египет",
      "cases": {
        "ro": "Египта",
        "da": "Египту",
        "vi": "в Египет",
        "tv": "Египтом",
        "pr": "о Египте"
      }
    },
    "EH": {
      "name": "Западная Сахара",
      "cases": {
        "ro": "Западной Сахары",
        "da": "Западной Сахаре",
        "vi": "в Западную Сахару",
        "tv": "Западной Сахарой",
        "pr": "о Западной Сахаре"
      }
    },
    "ER": {
      "name": "Эритрея",
      "cases": {
        "ro": "Эритреи",
        "da": "Эритрее",
        "vi": "в Эритрею",
        "tv": "Эритреей",
        "pr": "об Эритрее"
      }
    },
    "GB": {
      "name": "Великобритания",
      "cases": {
        "ro": "Великобритании",
        "da": "Великобритании",
        "vi": "в Великобританию",
        "tv": "Великобританией",
        "pr": "о Великобритании"
      }
    },
    "KR": {
      "name": "Южная Корея",
      "cases": {
        "ro": "Южной Кореи",
        "da": "Южной Корее",
        "vi": "в Южную Корею",
        "tv": "Южной Кореей",
        "pr": "о Южной Корее"
      }
    },
    "CU": {
      "name": "Куба",
      "cases": {
        "ro": "Кубы",
        "da": "Кубе",
        "vi": "на Кубу",
        "tv": "Кубой",
        "pr": "о Кубе"
      }
    },
    "JM": {
      "name": "Ямайка",
      "cases": {
        "ro": "Ямайки",
        "da": "Ямайке",
        "vi": "на Ямайку",
        "tv": "Ямайкой",
        "pr": "о Ямайке"
      }
    },
    "CL": {
      "name": "Чили",
      "cases": {
        "ro": "Чили",
        "da": "Чили",
        "vi": "на Чили",
        "tv": "Чили",
        "pr": "о Чили"
      }
    },
    "IS": {
      "name": "Исландия",
      "cases": {
        "ro": "Исландии",
        "da": "Исландии",
        "vi": "в Исландию",
        "tv": "Исландией",
        "pr": "об Исландии"
      }
    },
    "KW": {
      "name": "Кувейт",
      "cases": {
        "ro": "Кувейта",
        "da": "Кувейту",
        "vi": "в Кувейт",
        "tv": "Кувейтом",
        "pr": "о Кувейте"
      }
    },
    "ES": {
      "name": "Испания",
      "cases": {
        "ro": "Испании",
        "da": "Испании",
        "vi": "в Испанию",
        "tv": "Испанией",
        "pr": "об Испании"
      }
    },
    "CZ": {
      "name": "Чехия",
      "cases": {
        "ro": "Чехии",
        "da": "Чехии",
        "vi": "в Чехию",
        "tv": "Чехией",
        "pr": "о Чехии"
      }
    },
    "LA": {
      "name": "Лаос",
      "cases": {
        "ro": "Лаоса",
        "da": "Лаосу",
        "vi": "в Лаос",
        "tv": "Лаосом",
        "pr": "о Лаосе"
      }
    },
    "HK": {
      "name": "Гонконг",
      "cases": {
        "ro": "Гонконга",
        "da": "Гонконгу",
        "vi": "в Гонконг",
        "tv": "Гонконгом",
        "pr": "о Гонконге"
      }
    },
    "JP": {
      "name": "Япония",
      "cases": {
        "ro": "Японии",
        "da": "Японии",
        "vi": "в Японию",
        "tv": "Японией",
        "pr": "о Японии"
      }
    },
    "KI": {
      "name": "Кирибати",
      "cases": {
        "ro": "Кирибати",
        "da": "Кирибати",
        "vi": "на Кирибати",
        "tv": "Кирибати",
        "pr": "о Кирибати"
      }
    },
    "KM": {
      "name": "Коморы",
      "cases": {
        "ro": "Коморы",
        "da": "Коморы",
        "vi": "на Коморы",
        "tv": "Коморы",
        "pr": "о Коморы"
      }
    },
    "GI": {
      "name": "Гибралтар",
      "cases": {
        "ro": "Гибралтара",
        "da": "Гибралтару",
        "vi": "на Гибралтар",
        "tv": "Гибралтаром",
        "pr": "о Гибралтаре"
      }
    },
    "ET": {
      "name": "Эфиопия",
      "cases": {
        "ro": "Эфиопии",
        "da": "Эфиопии",
        "vi": "в Эфиопию",
        "tv": "Эфиопией",
        "pr": "об Эфиопии"
      }
    },
    "KH": {
      "name": "Камбоджа",
      "cases": {
        "ro": "Камбоджи",
        "da": "Камбодже",
        "vi": "в Камбоджу",
        "tv": "Камбоджей",
        "pr": "о Камбоджи"
      }
    },
    "LR": {
      "name": "Либерия",
      "cases": {
        "ro": "Либерии",
        "da": "Либерии",
        "vi": "в Либерию",
        "tv": "Либерией",
        "pr": "о Либерии"
      }
    },
    "HT": {
      "name": "Гаити",
      "cases": {
        "ro": "Гаити",
        "da": "Гаити",
        "vi": "на Гаити",
        "tv": "Гаити",
        "pr": "о Гаити"
      }
    },
    "MH": {
      "name": "Маршалловы острова",
      "cases": {
        "ro": "Маршалловых островов",
        "da": "Маршалловым островам",
        "vi": "на Маршалловы острова",
        "tv": "Маршалловыми островами",
        "pr": "о Маршалловых островах"
      }
    },
    "HM": {
      "name": "Остров Херд и острова Макдональд",
      "cases": {
        "ro": "Острова Херд и островов Макдональд",
        "da": "Острову Херд и островам Макдональд",
        "vi": "на Остров Херд и острова Макдональд",
        "tv": "Островом Херд и островами Макдональд",
        "pr": "об Острове Херд и островах Макдональд"
      }
    },
    "IE": {
      "name": "Ирландия",
      "cases": {
        "ro": "Ирландии",
        "da": "Ирландии",
        "vi": "в Ирландию",
        "tv": "Ирландией",
        "pr": "об Ирландии"
      }
    },
    "MP": {
      "name": "Северные Марианские острова",
      "cases": {
        "ro": "Северных Марианских островов",
        "da": "Северным Марианским островам",
        "vi": "на Северные Марианские острова",
        "tv": "Северными Марианскими островами",
        "pr": "о Северных Марианских островах"
      }
    },
    "KY": {
      "name": "Каймановы острова",
      "cases": {
        "ro": "Каймановых островов",
        "da": "Каймановым островами",
        "vi": "на Каймановы острова",
        "tv": "Каймановыми островами",
        "pr": "о Каймановых островах"
      }
    },
    "LY": {
      "name": "Ливия",
      "cases": {
        "ro": "Ливии",
        "da": "Ливии",
        "vi": "в Ливию",
        "tv": "Ливией",
        "pr": "о Ливии"
      }
    },
    "LB": {
      "name": "Ливан",
      "cases": {
        "ro": "Ливана",
        "da": "Ливану",
        "vi": "в Ливан",
        "tv": "Ливаном",
        "pr": "о Ливане"
      }
    },
    "LI": {
      "name": "Лихтенштейн",
      "cases": {
        "ro": "Лихтенштейна",
        "da": "Лихтенштейну",
        "vi": "в Лихтенштейн",
        "tv": "Лихтенштейном",
        "pr": "о Лихтенштейне"
      }
    },
    "LK": {
      "name": "Шри-Ланка",
      "cases": {
        "ro": "Шри-Ланки",
        "da": "Шри-Ланке",
        "vi": "на Шри-Ланку",
        "tv": "Шри-Ланкой",
        "pr": "о Шри-Ланке"
      }
    },
    "LS": {
      "name": "Лесото",
      "cases": {
        "ro": "Лесото",
        "da": "Лесото",
        "vi": "в Лесото",
        "tv": "Лесото",
        "pr": "о Лесото"
      }
    },
    "LT": {
      "name": "Литва",
      "cases": {
        "ro": "Литвы",
        "da": "Литве",
        "vi": "в Литву",
        "tv": "Литвой",
        "pr": "о Литве"
      }
    },
    "MC": {
      "name": "Монако",
      "cases": {
        "ro": "Монако",
        "da": "Монако",
        "vi": "в Монако",
        "tv": "Монако",
        "pr": "о Монако"
      }
    },
    "LU": {
      "name": "Люксембург",
      "cases": {
        "ro": "Люксембурга",
        "da": "Люксембургу",
        "vi": "в Люксембург",
        "tv": "Люксембургом",
        "pr": "о Люксембурге"
      }
    },
    "LV": {
      "name": "Латвия",
      "cases": {
        "ro": "Латвии",
        "da": "Латвии",
        "vi": "в Латвию",
        "tv": "Латвией",
        "pr": "о Латвии"
      }
    },
    "MQ": {
      "name": "Мартиника",
      "cases": {
        "ro": "Мартиники",
        "da": "Мартинике",
        "vi": "на Мартинику",
        "tv": "Мартиникой",
        "pr": "о Мартинике"
      }
    },
    "MA": {
      "name": "Марокко",
      "cases": {
        "ro": "Марокко",
        "da": "Марокко",
        "vi": "в Марокко",
        "tv": "Марокко",
        "pr": "о Марокко"
      }
    },
    "ME": {
      "name": "Черногория",
      "cases": {
        "ro": "Черногории",
        "da": "Черногории",
        "vi": "в Черногорию",
        "tv": "Черногорией",
        "pr": "о Черногории"
      }
    },
    "MD": {
      "name": "Молдавия",
      "cases": {
        "ro": "Молдавии",
        "da": "Молдавии",
        "vi": "в Молдавию",
        "tv": "Молдавией",
        "pr": "о Молдавии"
      }
    },
    "MU": {
      "name": "Маврикий",
      "cases": {
        "ro": "Маврикия",
        "da": "Маврикию",
        "vi": "на Маврикий",
        "tv": "Маврикием",
        "pr": "о Маврикие"
      }
    },
    "NR": {
      "name": "Науру",
      "cases": {
        "ro": "Науру",
        "da": "Науру",
        "vi": "на Науру",
        "tv": "Науру",
        "pr": "о Науру"
      }
    },
    "NF": {
      "name": "Остров Норфолк",
      "cases": {
        "ro": "Острова Норфолк",
        "da": "Острову Норфолк",
        "vi": "на Остров Норфолк",
        "tv": "Островом Норфолк",
        "pr": "об Острове Норфолк"
      }
    },
    "OM": {
      "name": "Оман",
      "cases": {
        "ro": "Омана",
        "da": "Оману",
        "vi": "в Оман",
        "tv": "Оманом",
        "pr": "об Омане"
      }
    },
    "MS": {
      "name": "Монтсеррат",
      "cases": {
        "ro": "Монтсеррата",
        "da": "Монтсеррату",
        "vi": "в Монтсеррат",
        "tv": "Монтсерратом",
        "pr": "о Монтсеррате"
      }
    },
    "TN": {
      "name": "Тунис",
      "cases": {
        "ro": "Туниса",
        "da": "Тунису",
        "vi": "в Тунис",
        "tv": "Тунисом",
        "pr": "о Тунисе"
      }
    },
    "SJ": {
      "name": "Шпицберген и Ян Майен",
      "cases": {
        "ro": "Шпицберген и Ян Майена",
        "da": "Шпицберген и Ян Майену",
        "vi": "в Шпицберген и Ян Майен",
        "tv": "Шпицберген и Ян Майеном",
        "pr": "о Шпицберген и Ян Майене"
      }
    },
    "MV": {
      "name": "Мальдивы",
      "cases": {
        "ro": "Мальдив",
        "da": "Мальдивам",
        "vi": "на Мальдивы",
        "tv": "Мальдивами",
        "pr": "о Мальдивах"
      }
    },
    "NP": {
      "name": "Непал",
      "cases": {
        "ro": "Непала",
        "da": "Непалу",
        "vi": "в Непал",
        "tv": "Непалом",
        "pr": "о Непале"
      }
    },
    "NU": {
      "name": "Ниуэ",
      "cases": {
        "ro": "Ниуэ",
        "da": "Ниуэ",
        "vi": "на Ниуэ",
        "tv": "Ниуэ",
        "pr": "о Ниуэ"
      }
    },
    "NZ": {
      "name": "Новая Зеландия",
      "cases": {
        "ro": "Новой Зеландии",
        "da": "Новой Зеландии",
        "vi": "в Новую Зеландию",
        "tv": "Новой Зеландией",
        "pr": "о Новой Зеландии"
      }
    },
    "PH": {
      "name": "Филиппины",
      "cases": {
        "ro": "Филиппин",
        "da": "Филиппинам",
        "vi": "на Филиппины",
        "tv": "Филиппинами",
        "pr": "о Филиппинах"
      }
    },
    "PG": {
      "name": "Папуа Новая Гвинея",
      "cases": {
        "ro": "Папуа Новой Гвинеи",
        "da": "Папуа Новой Гвинее",
        "vi": "в Папуа Новую Гвинею",
        "tv": "Папуа Новой Гвинеей",
        "pr": "о Папуа Новой Гвинее"
      }
    },
    "PF": {
      "name": "Французская Полинезия",
      "cases": {
        "ro": "Французской Полинезии",
        "da": "Французской Полинезии",
        "vi": "во Французскую Полинезию",
        "tv": "Французской Полинезии",
        "pr": "о Французской Полинезии"
      }
    },
    "PN": {
      "name": "Питкерн",
      "cases": {
        "ro": "Питкерна",
        "da": "Питкерну",
        "vi": "на Питкерн",
        "tv": "Питкерном",
        "pr": "о Питкерне"
      }
    },
    "PR": {
      "name": "Пуэрто-Рико",
      "cases": {
        "ro": "Пуэрто-Рико",
        "da": "Пуэрто-Рико",
        "vi": "в Пуэрто-Рико",
        "tv": "Пуэрто-Рико",
        "pr": "о Пуэрто-Рико"
      }
    },
    "PW": {
      "name": "Палау",
      "cases": {
        "ro": "Палау",
        "da": "Палау",
        "vi": "на Палау",
        "tv": "Палау",
        "pr": "о Палау"
      }
    },
    "PY": {
      "name": "Парагвай",
      "cases": {
        "ro": "Парагвая",
        "da": "Парагваю",
        "vi": "в Парагвай",
        "tv": "Парагваем",
        "pr": "о Парагвае"
      }
    },
    "PT": {
      "name": "Португалия",
      "cases": {
        "ro": "Португалии",
        "da": "Португалии",
        "vi": "в Португалия",
        "tv": "Португалией",
        "pr": "о Португалии"
      }
    },
    "ST": {
      "name": "Сан-Томе и Принсипи",
      "cases": {
        "ro": "Сан-Томе и Принсипи",
        "da": "Сан-Томе и Принсипи",
        "vi": "на Сан-Томе и Принсипи",
        "tv": "Сан-Томе и Принсипи",
        "pr": "о Сан-Томе и Принсипи"
      }
    },
    "PA": {
      "name": "Панама",
      "cases": {
        "ro": "Панамы",
        "da": "Панаме",
        "vi": "на Панаму",
        "tv": "Панамой",
        "pr": "о Панаме"
      }
    },
    "QA": {
      "name": "Катар",
      "cases": {
        "ro": "Катара",
        "da": "Катару",
        "vi": "в Катар",
        "tv": "Катаром",
        "pr": "о Катаре"
      }
    },
    "RE": {
      "name": "Реюньон",
      "cases": {
        "ro": "Реюньона",
        "da": "Реюньону",
        "vi": "на Реюньон",
        "tv": "Реюньоном",
        "pr": "о Реюньоне"
      }
    },
    "RW": {
      "name": "Руанда",
      "cases": {
        "ro": "Руанды",
        "da": "Руанде",
        "vi": "в Руанду",
        "tv": "Руандой",
        "pr": "о Руанде"
      }
    },
    "SB": {
      "name": "Соломоновы острова",
      "cases": {
        "ro": "Соломоновых островов",
        "da": "Соломоновым островам",
        "vi": "на Соломоновы острова",
        "tv": "Соломоновыми островами",
        "pr": "о Соломоновых островах"
      }
    },
    "SC": {
      "name": "Сейшелы",
      "cases": {
        "ro": "Сейшел",
        "da": "Сейшелам",
        "vi": "на Сейшелы",
        "tv": "Сейшелами",
        "pr": "о Сейшелах"
      }
    },
    "SE": {
      "name": "Швеция",
      "cases": {
        "ro": "Швеции",
        "da": "Швеции",
        "vi": "в Швецию",
        "tv": "Швецией",
        "pr": "о Швеции"
      }
    },
    "SG": {
      "name": "Сингапур",
      "cases": {
        "ro": "Сингапура",
        "da": "Сингапуру",
        "vi": "в Сингапур",
        "tv": "Сингапуром",
        "pr": "о Сингапуре"
      }
    },
    "SI": {
      "name": "Словения",
      "cases": {
        "ro": "Словении",
        "da": "Словении",
        "vi": "в Словению",
        "tv": "Словенией",
        "pr": "о Словении"
      }
    },
    "TF": {
      "name": "Французские Южные территории",
      "cases": {
        "ro": "Французских Южных территорий",
        "da": "Французским Южным территориям",
        "vi": "во Французские Южные территории",
        "tv": "Французскими Южными территориями",
        "pr": "о Французских Южных Территориях"
      }
    },
    "TC": {
      "name": "Теркс и Кайкос",
      "cases": {
        "ro": "Теркс и Кайкоса",
        "da": "Теркс и Кайкосу",
        "vi": "на Теркс и Кайкос",
        "tv": "Теркс и Кайкосом",
        "pr": "о Теркс и Кайкосе"
      }
    },
    "TL": {
      "name": "Тимор-Лесте",
      "cases": {
        "ro": "Тимор-Леста",
        "da": "Тимор-Лесту",
        "vi": "в Тимор-Лесте",
        "tv": "Тимор-Лестом",
        "pr": "о Тимор-Лесте"
      }
    },
    "TO": {
      "name": "Тонга",
      "cases": {
        "ro": "Тонги",
        "da": "Тонгу",
        "vi": "на Тонга",
        "tv": "Тонгой",
        "pr": "о Тонге"
      }
    },
    "TV": {
      "name": "Тувалу",
      "cases": {
        "ro": "Тувалу",
        "da": "Тувала",
        "vi": "на Тувалу",
        "tv": "Тувалом",
        "pr": "о Тувале"
      }
    },
    "TW": {
      "name": "Тайвань",
      "cases": {
        "ro": "Тайвани",
        "da": "Тайвани",
        "vi": "в Тайвань",
        "tv": "Тайванью",
        "pr": "о Тайвани"
      }
    },
    "SX": {
      "name": "Синт-Мартен",
      "cases": {
        "ro": "Синт-Мартена",
        "da": "Синт-Мартену",
        "vi": "на Синт-Мартен",
        "tv": "Синт-Мартеном",
        "pr": "о Синт-Мартене"
      }
    },
    "NE": {
      "name": "Нигер",
      "cases": {
        "ro": "Нигера",
        "da": "Нигеру",
        "vi": "в Нигер",
        "tv": "Нигером",
        "pr": "о Нигере"
      }
    },
    "NG": {
      "name": "Нигерия",
      "cases": {
        "ro": "Нигерии",
        "da": "Нигерии",
        "vi": "в Нигерию",
        "tv": "Нигерией",
        "pr": "о Нигерии"
      }
    },
    "CN": {
      "name": "Китай",
      "cases": {
        "ro": "Китая",
        "da": "Китаю",
        "vi": "в Китай",
        "tv": "Китаем",
        "pr": "о Китае"
      }
    },
    "CD": {
      "name": "Демократическая Республика Конго",
      "cases": {
        "ro": "Демократической Республики Конго",
        "da": "Демократической Республики Конго",
        "vi": "в Демократическую Республику Конго",
        "tv": "Демократической Республикой Конго",
        "pr": "о Демократической Республике Конго"
      }
    },
    "CV": {
      "name": "Кабо-Верде",
      "cases": {
        "ro": "Кабо-Верде",
        "da": "Кабо-Верде",
        "vi": "на Кабо-Верде",
        "tv": "Кабо-Верде",
        "pr": "о Кабо-Верде"
      }
    },
    "GN": {
      "name": "Гвинея",
      "cases": {
        "ro": "Гвинеи",
        "da": "Гвинее",
        "vi": "в Гвинею",
        "tv": "Гвинеей",
        "pr": "о Гвинее"
      }
    },
    "GU": {
      "name": "Гуам",
      "cases": {
        "ro": "Гуама",
        "da": "Гуаму",
        "vi": "на Гуам",
        "tv": "Гуамом",
        "pr": "о Гуаме"
      }
    },
    "MZ": {
      "name": "Мозамбик",
      "cases": {
        "ro": "Мозамбика",
        "da": "Мозамбику",
        "vi": "в Мозамбик",
        "tv": "Мозамбиком",
        "pr": "о Мозамбике"
      }
    },
    "NA": {
      "name": "Намибия",
      "cases": {
        "ro": "Намибии",
        "da": "Намибии",
        "vi": "в Намибию",
        "tv": "Намибией",
        "pr": "о Намибии"
      }
    },
    "BG": {
      "name": "Болгария",
      "cases": {
        "ro": "Болгарии",
        "da": "Болгарии",
        "vi": "в Болгарию",
        "tv": "Болгарией",
        "pr": "о Болгарии"
      }
    },
    "CX": {
      "name": "Остров Рождества",
      "cases": {
        "ro": "Острова Рождества",
        "da": "Острову Рождества",
        "vi": "на Остров Рождества",
        "tv": "Островом Рождества",
        "pr": "об Острове Рождества"
      }
    },
    "BA": {
      "name": "Босния и Герцеговина",
      "cases": {
        "ro": "Боснии и Герцеговины",
        "da": "Боснии и Герцеговине",
        "vi": "в Боснию и Герцеговину",
        "tv": "Боснией и Герцеговиной",
        "pr": "о Боснии и Герцеговине"
      }
    },
    "LC": {
      "name": "Сент-Люсия",
      "cases": {
        "ro": "Сент-Люсии",
        "da": "Сент-Люсии",
        "vi": "на Сент-Люсию",
        "tv": "Сент-Люсией",
        "pr": "о Сент-Люсии"
      }
    },
    "ML": {
      "name": "Мали",
      "cases": {
        "ro": "Мали",
        "da": "Мали",
        "vi": "в Мали",
        "tv": "Мали",
        "pr": "о Мали"
      }
    },
    "MO": {
      "name": "Макао",
      "cases": {
        "ro": "Макао",
        "da": "Макао",
        "vi": "в Макао",
        "tv": "Макао",
        "pr": "о Макао"
      }
    },
    "AT": {
      "name": "Австрия",
      "cases": {
        "ro": "Австрии",
        "da": "Австрии",
        "vi": "в Австрию",
        "tv": "Австрией",
        "pr": "об Австрии"
      }
    },
    "BF": {
      "name": "Буркина Фасо",
      "cases": {
        "ro": "Буркина Фасо",
        "da": "Буркина Фасо",
        "vi": "в Буркина Фасо",
        "tv": "Буркина Фасо",
        "pr": "о Буркина Фасо"
      }
    },
    "FM": {
      "name": "Микронезия",
      "cases": {
        "ro": "Микронезии",
        "da": "Микронезии",
        "vi": "на Микронезию",
        "tv": "Микронезией",
        "pr": "о Микронезии"
      }
    },
    "HU": {
      "name": "Венгрия",
      "cases": {
        "ro": "Венгрии",
        "da": "Венгрии",
        "vi": "в Венгрию",
        "tv": "Венгрией",
        "pr": "о Венгрия"
      }
    },
    "IM": {
      "name": "Остров Мэн",
      "cases": {
        "ro": "Острова Мэн",
        "da": "Острову Мэн",
        "vi": "на Остров Мэн",
        "tv": "Островом Мэн",
        "pr": "об Острове Мэн"
      }
    },
    "AZ": {
      "name": "Азербайджан",
      "cases": {
        "ro": "Азербайджана",
        "da": "Азербайджану",
        "vi": "в Азербайджан",
        "tv": "Азербайджаном",
        "pr": "об Азербайджане"
      }
    },
    "GA": {
      "name": "Габон",
      "cases": {
        "ro": "Габона",
        "da": "Габону",
        "vi": "в Габон",
        "tv": "Габоном",
        "pr": "о Габоне"
      }
    },
    "AR": {
      "name": "Аргентина",
      "cases": {
        "ro": "Аргентины",
        "da": "Аргентине",
        "vi": "в Аргентину",
        "tv": "Аргентиной",
        "pr": "об Аргентине"
      }
    },
    "DO": {
      "name": "Доминиканская Республика",
      "cases": {
        "ro": "Доминиканской Республики",
        "da": "Доминиканской Республике",
        "vi": "в Доминиканскую Республику",
        "tv": "Доминиканской Республикой",
        "pr": "о Доминиканской Республике"
      }
    },
    "AL": {
      "name": "Албания",
      "cases": {
        "ro": "Албании",
        "da": "Албании",
        "vi": "в Албанию",
        "tv": "Албанией",
        "pr": "об Албании"
      }
    },
    "SH": {
      "name": "Острова Святой Елены, Вознесения и Тристан-да-Кунья",
      "cases": {
        "ro": "Острова Святой Елены, Вознесения и Тристан-да-Кунья",
        "da": "Острову Святой Елены, Вознесения и Тристан-да-Кунья",
        "vi": "на Острова Святой Елены, Вознесения и Тристан-да-Кунья",
        "tv": "Островами Святой Елены, Вознесения и Тристан-да-Кунья",
        "pr": "об Островах Святой Елены, Вознесения и Тристан-да-Кунья"
      }
    },
    "AF": {
      "name": "Афганистан",
      "cases": {
        "ro": "Афганистана",
        "da": "Афганистану",
        "vi": "в Афганистан",
        "tv": "Афганистаном",
        "pr": "об Афганистане"
      }
    },
    "BR": {
      "name": "Бразилия",
      "cases": {
        "ro": "Бразилии",
        "da": "Бразилии",
        "vi": "в Бразилию",
        "tv": "Бразилией",
        "pr": "о Бразилии"
      }
    },
    "FK": {
      "name": "Фолклендские острова (Мальвинские)",
      "cases": {
        "ro": "Фолклендских островов (Мальвинских)",
        "da": "Фолклендским островам (Мальвинским)",
        "vi": "на Фолклендские острова (Мальвинские)",
        "tv": "Фолклендскими островами (Мальвинскими)",
        "pr": "о Фолклендских островах (Мальвинских)"
      }
    },
    "FJ": {
      "name": "Фиджи",
      "cases": {
        "ro": "Фиджи",
        "da": "Фиджи",
        "vi": "на Фиджи",
        "tv": "Фиджи",
        "pr": "о Фиджи"
      }
    },
    "GD": {
      "name": "Гренада",
      "cases": {
        "ro": "Гренады",
        "da": "Гренаде",
        "vi": "на Гренада",
        "tv": "Гренадой",
        "pr": "о Гренаде"
      }
    },
    "ZW": {
      "name": "Зимбабве",
      "cases": {
        "ro": "Зимбабве",
        "da": "Зимбабве",
        "vi": "в Зимбабве",
        "tv": "Зимбабве",
        "pr": "о Зимбабве"
      }
    },
    "ZA": {
      "name": "Южно-Африканская Республика",
      "cases": {
        "ro": "Южно-Африканской Республики",
        "da": "Южно-Африканской Республике",
        "vi": "в Южно-Африканскую Республику",
        "tv": "Южно-Африканской Республикой",
        "pr": "о Южно-Африканской Республике"
      }
    },
    "YE": {
      "name": "Йемен",
      "cases": {
        "ro": "Йемена",
        "da": "Йемену",
        "vi": "в Йемен",
        "tv": "Йеменом",
        "pr": "о Йемене"
      }
    },
    "XK": {
      "name": "Косово",
      "cases": {
        "ro": "Косово",
        "da": "Косово",
        "vi": "в Косово",
        "tv": "Косово",
        "pr": "о Косово"
      }
    },
    "YT": {
      "name": "Майотта",
      "cases": {
        "ro": "Майотты",
        "da": "Майотте",
        "vi": "на Майотту",
        "tv": "Майоттой",
        "pr": "о Майотте"
      }
    },
    "VU": {
      "name": "Вануату",
      "cases": {
        "ro": "Вануату",
        "da": "Вануату",
        "vi": "на Вануату",
        "tv": "Вануату",
        "pr": "о Вануату"
      }
    },
    "VN": {
      "name": "Вьетнам",
      "cases": {
        "ro": "Вьетнама",
        "da": "Вьетнаму",
        "vi": "во Вьетнам",
        "tv": "Вьетнамом",
        "pr": "о Вьетнаме"
      }
    },
    "VI": {
      "name": "Виргинские острова",
      "cases": {
        "ro": "Виргинских островов",
        "da": "Виргинским островам",
        "vi": "на Виргинские острова",
        "tv": "Виргинскими островами",
        "pr": "о Виргинских островах"
      }
    },
    "VG": {
      "name": "Виргинские острова, Британские",
      "cases": {
        "ro": "Виргинских островов, Британских",
        "da": "Виргинским островам, Британским",
        "vi": "на Виргинские острова, Британские",
        "tv": "Виргинскими островами, Британскими",
        "pr": "о Виргинских островах, Британских"
      }
    },
    "VE": {
      "name": "Венесуэла",
      "cases": {
        "ro": "Венесуэлы",
        "da": "Венесуэле",
        "vi": "в Венесуэлу",
        "tv": "Венесуэлой",
        "pr": "о Венесуэле"
      }
    },
    "ZM": {
      "name": "Замбия",
      "cases": {
        "ro": "Замбии",
        "da": "Замбии",
        "vi": "в Замбию",
        "tv": "Замбией",
        "pr": "о Замбии"
      }
    },
    "VA": {
      "name": "Ватикан",
      "cases": {
        "ro": "Ватикана",
        "da": "Ватикану",
        "vi": "в Ватикан",
        "tv": "Ватиканом",
        "pr": "о Ватикане"
      }
    },
    "VC": {
      "name": "Сент-Винсент и Гренадины",
      "cases": {
        "ro": "Сент-Винсента и Гренадины",
        "da": "Сент-Винсенту и Гренадине",
        "vi": "в Сент-Винсент и Гренадины",
        "tv": "Сент-Винсентом и Гренадиной",
        "pr": "о Сент-Винсенте и Гренадине"
      }
    },
    "WS": {
      "name": "Самоа",
      "cases": {
        "ro": "Самоа",
        "da": "Самоа",
        "vi": "на Самоа",
        "tv": "Самоа",
        "pr": "о Самоа"
      }
    },
    "UY": {
      "name": "Уругвай",
      "cases": {
        "ro": "Уругвая",
        "da": "Уругваю",
        "vi": "в Уругвай",
        "tv": "Уругваем",
        "pr": "об Уругвае"
      }
    },
    "UZ": {
      "name": "Узбекистан",
      "cases": {
        "ro": "Узбекистана",
        "da": "Узбекистану",
        "vi": "в Узбекистан",
        "tv": "Узбекистаном",
        "pr": "об Узбекистане"
      }
    },
    "WF": {
      "name": "Уоллис и Футуна",
      "cases": {
        "ro": "Уоллис и Футуны",
        "da": "Уоллис и Футуну",
        "vi": "на Уоллис и Футуну",
        "tv": "Уоллис и Футуной",
        "pr": "об Уоллис и Футуне"
      }
    },
    "TT": {
      "name": "Тринидад и Тобаго",
      "cases": {
        "ro": "Тринидада и Тобаго",
        "da": "Тринидаду и Тобаго",
        "vi": "на Тринидад и Тобаго",
        "tv": "Тринидадом и Тобаго",
        "pr": "о Тринидаде и Тобаго"
      }
    },
    "UG": {
      "name": "Уганда",
      "cases": {
        "ro": "Уганды",
        "da": "Уганде",
        "vi": "в Уганду",
        "tv": "Угандой",
        "pr": "об Уганде"
      }
    },
    "TJ": {
      "name": "Таджикистан",
      "cases": {
        "ro": "Таджикистана",
        "da": "Таджикистану",
        "vi": "в Таджикистан",
        "tv": "Таджикистаном",
        "pr": "о Таджикистане"
      }
    },
    "TM": {
      "name": "Туркменистан",
      "cases": {
        "ro": "Туркменистана",
        "da": "Туркменистану",
        "vi": "в Туркменистан",
        "tv": "Туркменистаном",
        "pr": "о Туркменистане"
      }
    },
    "TH": {
      "name": "Таиланд",
      "cases": {
        "ro": "Таиланда",
        "da": "Таиланду",
        "vi": "в Таиланд",
        "tv": "Таиландом",
        "pr": "о Таиланде"
      }
    },
    "TD": {
      "name": "Чад",
      "cases": {
        "ro": "Чада",
        "da": "Чаду",
        "vi": "в Чад",
        "tv": "Чадом",
        "pr": "о Чаде"
      }
    },
    "SZ": {
      "name": "Свазиленд",
      "cases": {
        "ro": "Свазиленда",
        "da": "Свазиленду",
        "vi": "в Свазиленд",
        "tv": "Свазилендом",
        "pr": "о Свазиленде"
      }
    },
    "SY": {
      "name": "Сирия",
      "cases": {
        "ro": "Сирии",
        "da": "Сирии",
        "vi": "в Сирию",
        "tv": "Сирией",
        "pr": "о Сирии"
      }
    },
    "TG": {
      "name": "Того",
      "cases": {
        "ro": "Того",
        "da": "Того",
        "vi": "в Того",
        "tv": "Того",
        "pr": "о Того"
      }
    },
    "US": {
      "name": "Соединённые Штаты Америки",
      "cases": {
        "ro": "Соединённых Штатов Америки",
        "da": "Соединённым Штатам Америки",
        "vi": "в Соединённые Штаты Америки",
        "tv": "Соединёнными Штатами Америки",
        "pr": "о Соединённыех Штатах Америки"
      }
    },
    "UA": {
      "name": "Украина",
      "cases": {
        "ro": "Украины",
        "da": "Украине",
        "vi": "в Украину",
        "tv": "Украиной",
        "pr": "об Украине"
      }
    },
    "MK": {
      "name": "Македония",
      "cases": {
        "ro": "Македонии",
        "da": "Македонии",
        "vi": "в Македонию",
        "tv": "Македонией",
        "pr": "о Македонии"
      }
    },
    "MM": {
      "name": "Мьянма",
      "cases": {
        "ro": "Мьянмы",
        "da": "Мьянме",
        "vi": "в Мьянму",
        "tv": "Мьянмой",
        "pr": "о Мьянме"
      }
    },
    "SO": {
      "name": "Сомали",
      "cases": {
        "ro": "Сомали",
        "da": "Сомали",
        "vi": "в Сомали",
        "tv": "Сомали",
        "pr": "о Сомали"
      }
    },
    "SM": {
      "name": "Сан Марино",
      "cases": {
        "ro": "Сан Марино",
        "da": "Сан Марино",
        "vi": "в Сан Марино",
        "tv": "Сан Марино",
        "pr": "о Сан Марино"
      }
    },
    "SL": {
      "name": "Сьерра Леоне",
      "cases": {
        "ro": "Сьерра Леоне",
        "da": "Сьерра Леоне",
        "vi": "в Сьерра Леоне",
        "tv": "Сьерра Леоне",
        "pr": "о Сьерра Леоне"
      }
    },
    "SD": {
      "name": "Судан",
      "cases": {
        "ro": "Судана",
        "da": "Судану",
        "vi": "в Судан",
        "tv": "Суданом",
        "pr": "о Судане"
      }
    },
    "SA": {
      "name": "Саудовская Аравия",
      "cases": {
        "ro": "Саудовской Аравии",
        "da": "Саудовской Аравии",
        "vi": "в Саудовскую Аравию",
        "tv": "Саудовской Аравией",
        "pr": "о Саудовской Аравии"
      }
    },
    "RO": {
      "name": "Румыния",
      "cases": {
        "ro": "Румынии",
        "da": "Румынии",
        "vi": "в Румынию",
        "tv": "Румынией",
        "pr": "о Румынии"
      }
    },
    "RS": {
      "name": "Сербия",
      "cases": {
        "ro": "Сербии",
        "da": "Сербии",
        "vi": "в Сербию",
        "tv": "Сербией",
        "pr": "о Сербии"
      }
    },
    "PS": {
      "name": "Палестинские территории",
      "cases": {
        "ro": "Палестинских территорий",
        "da": "Палестинским территориям",
        "vi": "в Палестинские территории",
        "tv": "Палестинскими территориями",
        "pr": "о Палестинских территориях"
      }
    },
    "PK": {
      "name": "Пакистан",
      "cases": {
        "ro": "Пакистана",
        "da": "Пакистану",
        "vi": "в Пакистан",
        "tv": "Пакистаном",
        "pr": "о Пакистане"
      }
    },
    "PE": {
      "name": "Перу",
      "cases": {
        "ro": "Перу",
        "da": "Перу",
        "vi": "в Перу",
        "tv": "Перу",
        "pr": "о Перу"
      }
    },
    "NO": {
      "name": "Норвегия",
      "cases": {
        "ro": "Норвегии",
        "da": "Норвегии",
        "vi": "в Норвегию",
        "tv": "Норвегией",
        "pr": "о Норвегии"
      }
    },
    "NL": {
      "name": "Нидерланды",
      "cases": {
        "ro": "Нидерландов",
        "da": "Нидерландам",
        "vi": "в Нидерланды",
        "tv": "Нидерландами",
        "pr": "о Нидерландах"
      }
    },
    "NI": {
      "name": "Никарагуа",
      "cases": {
        "ro": "Никарагуа",
        "da": "Никарагуа",
        "vi": "на Никарагуа",
        "tv": "Никарагуа",
        "pr": "о Никарагуа"
      }
    },
    "SV": {
      "name": "Сальвадор",
      "cases": {
        "ro": "Сальвадора",
        "da": "Сальвадору",
        "vi": "в Сальвадор",
        "tv": "Сальвадором",
        "pr": "о Сальвадоре"
      }
    },
    "MW": {
      "name": "Малави",
      "cases": {
        "ro": "Малави",
        "da": "Малави",
        "vi": "в Малави",
        "tv": "Малави",
        "pr": "о Малави"
      }
    },
    "MR": {
      "name": "Мавритания",
      "cases": {
        "ro": "Мавритании",
        "da": "Мавритании",
        "vi": "в Мавританию",
        "tv": "Мавританией",
        "pr": "о Мавритании"
      }
    },
    "IR": {
      "name": "Иран",
      "cases": {
        "ro": "Ирана",
        "da": "Ирану",
        "vi": "в Иран",
        "tv": "Ираном",
        "pr": "об Иране"
      }
    },
    "MN": {
      "name": "Монголия",
      "cases": {
        "ro": "Монголии",
        "da": "Монголии",
        "vi": "в Монголию",
        "tv": "Монголией",
        "pr": "о Монголии"
      }
    },
    "MG": {
      "name": "Мадагаскар",
      "cases": {
        "ro": "Мадагаскара",
        "da": "Мадагаскару",
        "vi": "на Мадагаскар",
        "tv": "Мадагаскаром",
        "pr": "о Мадагаскаре"
      }
    },
    "PL": {
      "name": "Польша",
      "cases": {
        "ro": "Польшы",
        "da": "Польше",
        "vi": "в Польшу",
        "tv": "Польшей",
        "pr": "о Польше"
      }
    },
    "KZ": {
      "name": "Казахстан",
      "cases": {
        "ro": "Казахстана",
        "da": "Казахстану",
        "vi": "в Казахстан",
        "tv": "Казахстаном",
        "pr": "о Казахстане"
      }
    },
    "HR": {
      "name": "Хорватия",
      "cases": {
        "ro": "Хорватии",
        "da": "Хорватии",
        "vi": "в Хорватию",
        "tv": "Хорватией",
        "pr": "о Хорватии"
      }
    },
    "MY": {
      "name": "Малайзия",
      "cases": {
        "ro": "Малайзии",
        "da": "Малайзии",
        "vi": "в Малайзию",
        "tv": "Малайзией",
        "pr": "о Малайзии"
      }
    },
    "MF": {
      "name": "Сен-Мартен",
      "cases": {
        "ro": "Сен-Мартена",
        "da": "Сен-Мартену",
        "vi": "на Сен-Мартен",
        "tv": "Сен-Мартеном",
        "pr": "о Сен-Мартене"
      }
    },
    "GQ": {
      "name": "Экваториальная Гвинея",
      "cases": {
        "ro": "Экваториальной Гвинеи",
        "da": "Экваториальной Гвинее",
        "vi": "в Экваториальную Гвинею",
        "tv": "Экваториальной Гвинеей",
        "pr": "об Экваториальной Гвинее"
      }
    },
    "KE": {
      "name": "Кения",
      "cases": {
        "ro": "Кении",
        "da": "Кении",
        "vi": "в Кению",
        "tv": "Кенией",
        "pr": "о Кении"
      }
    },
    "IT": {
      "name": "Италия",
      "cases": {
        "ro": "Италии",
        "da": "Италии",
        "vi": "в Италию",
        "tv": "Италией",
        "pr": "об Италии"
      }
    },
    "GT": {
      "name": "Гватемала",
      "cases": {
        "ro": "Гватемалы",
        "da": "Гватемале",
        "vi": "в Гватемалу",
        "tv": "Гватемалой",
        "pr": "о Гватемале"
      }
    },
    "SR": {
      "name": "Суринам",
      "cases": {
        "ro": "Суринама",
        "da": "Суринаму",
        "vi": "в Суринам",
        "tv": "Суринамом",
        "pr": "о Суринаме"
      }
    },
    "JO": {
      "name": "Иордания",
      "cases": {
        "ro": "Иордании",
        "da": "Иордании",
        "vi": "в Иорданию",
        "tv": "Иорданией",
        "pr": "об Иордании"
      }
    },
    "MX": {
      "name": "Мексика",
      "cases": {
        "ro": "Мексики",
        "da": "Мексике",
        "vi": "в Мексику",
        "tv": "Мексикой",
        "pr": "о Мексике"
      }
    },
    "KG": {
      "name": "Киргизия",
      "cases": {
        "ro": "Киргизии",
        "da": "Киргизии",
        "vi": "в Киргизию",
        "tv": "Киргизией",
        "pr": "о Киргизии"
      }
    },
    "KP": {
      "name": "Северная Корея",
      "cases": {
        "ro": "Северной Кореи",
        "da": "Северной Корее",
        "vi": "в Северную Корею",
        "tv": "Северной Кореей",
        "pr": "о Северной Корее"
      }
    },
    "ID": {
      "name": "Индонезия",
      "cases": {
        "ro": "Индонезии",
        "da": "Индонезии",
        "vi": "в Индонезию",
        "tv": "Индонезией",
        "pr": "об Индонезии"
      }
    },
    "GY": {
      "name": "Гайана",
      "cases": {
        "ro": "Гайаны",
        "da": "Гайане",
        "vi": "в Гайану",
        "tv": "Гайаной",
        "pr": "о Гайане"
      }
    },
    "HN": {
      "name": "Гондурас",
      "cases": {
        "ro": "Гондураса",
        "da": "Гондурасу",
        "vi": "в Гондурас",
        "tv": "Гондурасом",
        "pr": "о Гондурасе"
      }
    },
    "GW": {
      "name": "Гвинея-Биссау",
      "cases": {
        "ro": "Гвинеи-Биссау",
        "da": "Гвинее-Биссау",
        "vi": "в Гвинею-Биссау",
        "tv": "Гвинеей-Биссау",
        "pr": "о Гвинее-Биссау"
      }
    },
    "GS": {
      "name": "Южная Джорджия и Южные Сандвичевы острова",
      "cases": {
        "ro": "Южной Джорджии и Южных Сандвичевых островов",
        "da": "Южной Джорджии и Южным Сандвичевым островам",
        "vi": "на Южную Джорджию и Южные Сандвичевы острова",
        "tv": "Южной Джорджией и Южными Сандвичевыми островами",
        "pr": "о Южной Джорджии и Южных Сандвичевых островах"
      }
    },
    "GP": {
      "name": "Гваделупа",
      "cases": {
        "ro": "Гваделупы",
        "da": "Гваделупе",
        "vi": "в Гваделупу",
        "tv": "Гваделупой",
        "pr": "о Гваделупе"
      }
    },
    "IQ": {
      "name": "Ирак",
      "cases": {
        "ro": "Ирака",
        "da": "Ираку",
        "vi": "в Ирак",
        "tv": "Ираком",
        "pr": "об Ираке"
      }
    },
    "GH": {
      "name": "Гана",
      "cases": {
        "ro": "Ганы",
        "da": "Гане",
        "vi": "в Гану",
        "tv": "Ганой",
        "pr": "о Гане"
      }
    },
    "GM": {
      "name": "Гамбия",
      "cases": {
        "ro": "Гамбии",
        "da": "Гамбии",
        "vi": "в Гамбию",
        "tv": "Гамбией",
        "pr": "о Гамбии"
      }
    },
    "GE": {
      "name": "Грузия",
      "cases": {
        "ro": "Грузии",
        "da": "Грузии",
        "vi": "в Грузию",
        "tv": "Грузией",
        "pr": "о Грузии"
      }
    },
    "IL": {
      "name": "Израиль",
      "cases": {
        "ro": "Израиля",
        "da": "Израилю",
        "vi": "в Израиль",
        "tv": "Израилем",
        "pr": "об Израиле"
      }
    },
    "FR": {
      "name": "Франция",
      "cases": {
        "ro": "Франции",
        "da": "Франции",
        "vi": "во Францию",
        "tv": "Францией",
        "pr": "о Франции"
      }
    },
    "GR": {
      "name": "Греция",
      "cases": {
        "ro": "Греции",
        "da": "Греции",
        "vi": "в Грецию",
        "tv": "Грецией",
        "pr": "о Греции"
      }
    },
    "GF": {
      "name": "Французская Гвиана",
      "cases": {
        "ro": "Французской Гвианы",
        "da": "Французской Гвиане",
        "vi": "во Французскую Гвиану",
        "tv": "Французской Гвианой",
        "pr": "о Французской Гвиане"
      }
    },
    "CO": {
      "name": "Колумбия",
      "cases": {
        "ro": "Колумбии",
        "da": "Колумбии",
        "vi": "в Колумбию",
        "tv": "Колумбией",
        "pr": "о Колумбии"
      }
    },
    "CI": {
      "name": "Кот д'Ивуар",
      "cases": {
        "ro": "Кот д'Ивуара",
        "da": "Кот д'Ивуару",
        "vi": "в Кот д'Ивуар",
        "tv": "Кот д'Ивуаром",
        "pr": "о Кот д'Ивуаре"
      }
    },
    "CM": {
      "name": "Камерун",
      "cases": {
        "ro": "Камеруна",
        "da": "Камеруну",
        "vi": "в Камерун",
        "tv": "Камеруном",
        "pr": "о Камеруне"
      }
    },
    "IN": {
      "name": "Индия",
      "cases": {
        "ro": "Индии",
        "da": "Индии",
        "vi": "в Индию",
        "tv": "Индией",
        "pr": "об Индии"
      }
    },
    "AM": {
      "name": "Армения",
      "cases": {
        "ro": "Армении",
        "da": "Армении",
        "vi": "в Армению",
        "tv": "Арменией",
        "pr": "об Армении"
      }
    },
    "DE": {
      "name": "Германия",
      "cases": {
        "ro": "Германии",
        "da": "Германии",
        "vi": "в Германию",
        "tv": "Германией",
        "pr": "о Германии"
      }
    },
    "BO": {
      "name": "Боливия",
      "cases": {
        "ro": "Боливии",
        "da": "Боливии",
        "vi": "в Боливию",
        "tv": "Боливией",
        "pr": "о Боливии"
      }
    },
    "BY": {
      "name": "Беларусь",
      "cases": {
        "ro": "Беларуси",
        "da": "Беларуси",
        "vi": "в Беларусь",
        "tv": "Беларусью",
        "pr": "о Беларуси"
      }
    },
    "BW": {
      "name": "Ботсвана",
      "cases": {
        "ro": "Ботсваны",
        "da": "Ботсване",
        "vi": "в Ботсвану",
        "tv": "Ботсваной",
        "pr": "о Ботсване"
      }
    },
    "CF": {
      "name": "Центральноафриканская Республика",
      "cases": {
        "ro": "Центральноафриканской Республики",
        "da": "Центральноафриканской Республике",
        "vi": "в Центральноафриканскую Республику",
        "tv": "Центральноафриканской Республикой",
        "pr": "о Центральноафриканской Республике"
      }
    },
    "BJ": {
      "name": "Бенин",
      "cases": {
        "ro": "Бенина",
        "da": "Бенину",
        "vi": "в Бенин",
        "tv": "Бенином",
        "pr": "о Бенине"
      }
    },
    "DZ": {
      "name": "Алжир",
      "cases": {
        "ro": "Алжира",
        "da": "Алжиру",
        "vi": "в Алжир",
        "tv": "Алжиром",
        "pr": "об Алжире"
      }
    },
    "CG": {
      "name": "Конго",
      "cases": {
        "ro": "Конго",
        "da": "Конго",
        "vi": "в Конго",
        "tv": "Конго",
        "pr": "о Конго"
      }
    },
    "BI": {
      "name": "Бурунди",
      "cases": {
        "ro": "Бурунди",
        "da": "Бурунди",
        "vi": "в Бурунди",
        "tv": "Бурунди",
        "pr": "о Бурунди"
      }
    },
    "BD": {
      "name": "Бангладеш",
      "cases": {
        "ro": "Бангладеша",
        "da": "Бангладешу",
        "vi": "в Бангладеш",
        "tv": "Бангладешем",
        "pr": "о Бангладеше"
      }
    },
    "BE": {
      "name": "Бельгия",
      "cases": {
        "ro": "Бельгии",
        "da": "Бельгии",
        "vi": "в Бельгию",
        "tv": "Бельгией",
        "pr": "о Бельгии"
      }
    },
    "CH": {
      "name": "Швейцария",
      "cases": {
        "ro": "Швейцарии",
        "da": "Швейцарии",
        "vi": "в Швейцарию",
        "tv": "Швейцарией",
        "pr": "о Швейцария"
      }
    },
    "UM": {
      "name": "Малые Тихоокеанские отдаленные острова Соединенных Штатов",
      "cases": {
        "ro": "Малых Тихоокеанских отдаленных островов Соединенных Штатов",
        "da": "Малым Тихоокеанским отдаленным островам Соединенных Штатов",
        "vi": "на Малыхе Тихоокеанские отдаленные острова Соединенных Штатов",
        "tv": "Малыми Тихоокеанскими отдаленными островами Соединенных Штатов",
        "pr": "о Малых Тихоокеанских отдаленных островах Соединенных Штатов"
      }
    },
    "AO": {
      "name": "Ангола",
      "cases": {
        "ro": "Анголы",
        "da": "Анголе",
        "vi": "в Анголу",
        "tv": "Анголой",
        "pr": "об Анголе"
      }
    },
    "RU": {
      "name": "Россия",
      "cases": {
        "ro": "России",
        "da": "России",
        "vi": "в Россию",
        "tv": "Россией",
        "pr": "о России"
      }
    },
    "SK": {
      "name": "Словакия",
      "cases": {
        "ro": "Словакии",
        "da": "Словакии",
        "vi": "в Словакию",
        "tv": "Словакией",
        "pr": "о Словакии"
      }
    },
    "SN": {
      "name": "Сенегал",
      "cases": {
        "ro": "Сенегала",
        "da": "Сенегалу",
        "vi": "в Сенегал",
        "tv": "Сенегалом",
        "pr": "о Сенегале"
      }
    },
    "TR": {
      "name": "Турция",
      "cases": {
        "ro": "Турции",
        "da": "Турции",
        "vi": "в Турцию",
        "tv": "Турцией",
        "pr": "о Турции"
      }
    },
    "TZ": {
      "name": "Танзания",
      "cases": {
        "ro": "Танзании",
        "da": "Танзании",
        "vi": "в Танзанию",
        "tv": "Танзанией",
        "pr": "о Танзании"
      }
    },
    "SS": {
      "name": "Южный Судан",
      "cases": {
        "ro": "Южного Судана",
        "da": "Южному Судану",
        "vi": "в Южный Судан",
        "tv": "Южным Суданом",
        "pr": "о Южном Судане"
      }
    },
    "KX": {
      "name": "Крым",
      "cases": {
        "ro": "Крыма",
        "da": "Крыму",
        "vi": "в Крым",
        "tv": "Крымом",
        "pr": "о Крыме"
      }
    }
  }